{
  "behaivor": [
    {
      "burst_size": 1,
      "burst_delay": 0,
      "proj_num": 6,
      "proj": "PlasmaBall",
      "ismelee": 0,
      "proj_speed": 8,
      "spread": 32,

      "wkick": 6
    },
    {
      "burst_size": 3,
      "burst_delay": 3,
      "proj_num": 2,
      "proj": "Splinter",
      "ismelee": 0,
      "proj_speed": 23,
      "spread": 15,
      "wkick": 6
    },
    {
      "burst_size": 1,
      "burst_delay": 1,
      "proj_num": 3,
      "proj": "Shank",
      "ismelee": 1,
      "proj_speed": 5,
      "spread": 30,
      "wkick": 6
    },
    {
      "proj": "UltraBullet",
      "ismelee": 0, 
      "burst_size": 5,
      "burst_delay": 3,
      "ismelee": 0,
      "proj_speed": 18,
      "spread": 5,
      "wkick": 12
    }
  ]
}