{
  "weapons": [
    {
      "name": "PLASMA SHOTGUN",
      "type": 5,
      "auto": 0,
      "reload": 24,
      "cost": 2,
      "sprite": "sprPlasmaShotgun.png",
      "area": 7,
"radcost": 0,
      "tip": "something would definetely hit"
    },
    {
      "name": "SPLINTER RIFLE",
      "type": 3,
      "auto": 1,
      "reload": 10,
      "cost": 1,
      "sprite": "sprSplinterRifle.png",
      "area": 4,
"radcost": 0,
      "tip": "what duh hell firing cactus"
    },
    {
      "name": "TRIDENT",
      "type": 0,
      "auto": 0,
      "reload": 17,
      "cost": 0,
      "sprite": "sprTrident.png",
      "area": 5,
"radcost": 0,
      "tip": "feel free to fork this one"
    },
    {
      "name": "ULTRA ASSAULT RIFLE",
      "type": 1,
      "auto": 1,
      "reload": 12,
      "cost": 3,
      "sprite": "sprUARifle.png",
      "area": 16,
      "radcost": 16,
      "tip": "always wanted to make this one"
    }
  ]
}